Sex,Pclass,Siblings/Spouses Aboard,Name,Age,Parents/Children Aboard,Fare,Survived
1.0,1.0,0.125,0.6783295711060947,0.26887684356485564,0.0,0.014151057562208049,0
0.0,0.0,0.125,0.927765237020316,0.4705659901676541,0.0,0.13913573538264068,1
0.0,1.0,0.0,0.1930022573363431,0.3192991302155552,0.0,0.015468569817999833,1
0.0,0.0,0.125,0.9176072234762979,0.43274927517962936,0.0,0.10364429745562033,1
1.0,1.0,0.0,0.8261851015801354,0.43274927517962936,0.0,0.015712553569072387,0
1.0,1.0,0.0,0.5225733634311512,0.3319047018782302,0.0,0.01650950209357577,0
1.0,0.0,0.0,0.7889390519187358,0.6722551367704526,0.0,0.10122885832000206,0
1.0,1.0,0.375,0.03611738148984198,0.01676541031135762,0.16666666666666666,0.04113566043083236,0
0.0,1.0,0.0,0.9492099322799096,0.3319047018782302,0.3333333333333333,0.021730754366528396,1
0.0,0.5,0.125,0.9458239277652369,0.16803227026345646,0.0,0.058694292654020104,1
0.0,1.0,0.125,0.21783295711060946,0.04197655363670742,0.16666666666666666,0.03259622914329302,1
0.0,0.0,0.0,0.12866817155756208,0.7226774234211522,0.0,0.051822148727810165,1
1.0,1.0,0.0,0.8295711060948081,0.24366570023950587,0.0,0.015712553569072387,0
1.0,1.0,0.125,0.3002257336343115,0.483171561830329,0.8333333333333333,0.06104473451835265,0
0.0,1.0,0.0,0.17042889390519186,0.16803227026345646,0.0,0.015330377421392339,0
0.0,0.5,0.0,0.8623024830699774,0.6848607084331274,0.0,0.03122992013728673,1
1.0,1.0,0.5,0.030474040632054174,0.01676541031135762,0.16666666666666666,0.05684821399990475,0
1.0,0.5,0.0,0.3431151241534988,0.28148241522753054,0.0,0.025374310111545468,1
0.0,1.0,0.125,0.937923250564334,0.38232698852892977,0.0,0.03513366015444757,0
0.0,1.0,0.0,0.8950338600451466,0.26887684356485564,0.0,0.014102260811993537,1
1.0,0.5,0.0,0.5733634311512414,0.43274927517962936,0.0,0.050748620223090936,0
1.0,0.5,0.0,0.6049661399548533,0.42014370351695446,0.0,0.025374310111545468,1
0.0,1.0,0.0,0.08126410835214447,0.18063784192613136,0.0,0.015671954672893913,1
1.0,0.0,0.0,0.8442437923250563,0.3445102735409051,0.0,0.06929138530460494,1
0.0,1.0,0.375,0.26297968397291194,0.09239884028740704,0.16666666666666666,0.04113566043083236,0
0.0,1.0,0.125,0.8747178329571106,0.4705659901676541,0.8333333333333333,0.06126431989431795,1
1.0,1.0,0.0,0.41647855530474037,0.3192991302155552,0.0,0.014102260811993537,0
1.0,0.0,0.375,0.3397291196388262,0.23106012857683098,0.3333333333333333,0.5133418122566507,0
0.0,1.0,0.0,0.136568848758465,0.29408798689020543,0.0,0.01537917417160685,1
1.0,1.0,0.0,0.6038374717832956,0.28148241522753054,0.0,0.015411575213749286,0
1.0,0.0,0.0,0.003386004514672686,0.4957771334930039,0.0,0.05410739813385612,0
0.0,0.0,0.125,0.984198645598194,0.5966217067944031,0.0,0.2859895551532101,1
0.0,1.0,0.0,0.23024830699774265,0.21845455691415605,0.0,0.015126992566498259,1
1.0,0.5,0.0,0.38036117381489837,0.8235219967225513,0.0,0.020494635090094415,0
1.0,0.0,0.125,0.37246049661399544,0.3445102735409051,0.0,0.16038672010106003,0
1.0,0.0,0.125,0.28442437923250563,0.5209882768183537,0.0,0.10149724044618187,0
1.0,1.0,0.0,0.463882618510158,0.21845455691415605,0.0,0.014110458666029575,1
1.0,1.0,0.0,0.40180586907449206,0.25627127190218074,0.0,0.015712553569072387,0
0.0,1.0,0.25,0.09593679458239276,0.21845455691415605,0.0,0.03513366015444757,0
0.0,1.0,0.125,0.1749435665914221,0.16803227026345646,0.0,0.021942337075458514,1
0.0,1.0,0.125,0.9243792325056432,0.4957771334930039,0.0,0.018493968331299484,0
0.0,0.5,0.125,0.9887133182844243,0.3319047018782302,0.0,0.04098927018018883,0
0.0,0.5,0.125,0.255079006772009,0.02937098197403252,0.3333333333333333,0.08115719346076702,1
0.0,1.0,0.0,0.20993227990970653,0.23106012857683098,0.0,0.01537917417160685,1
1.0,1.0,0.0,0.8386004514672686,0.36972141686625487,0.0,0.015712553569072387,0
1.0,1.0,0.125,0.36568848758465006,0.24366570023950587,0.0,0.030253985132996517,0
0.0,1.0,0.0,0.10609480812641083,0.3319047018782302,0.0,0.015126992566498259,1
1.0,1.0,0.25,0.847629796839729,0.19324341358880626,0.0,0.04231498029001666,0
0.0,1.0,0.125,0.9322799097065462,0.21845455691415605,0.0,0.034743286152731485,0
1.0,1.0,0.5,0.04514672686230248,0.07979326862473214,0.16666666666666666,0.07746484096553544,0
1.0,1.0,0.0,0.718961625282167,0.25627127190218074,0.0,0.01522458606692728,0
0.0,0.0,0.125,0.9130925507900677,0.609227278457078,0.0,0.1497654242623688,1
0.0,0.5,0.125,0.9413092550790066,0.35711584520358,0.0,0.050748620223090936,1
1.0,0.0,0.0,0.3972911963882618,0.8109164250598765,0.16666666666666666,0.1209753416358076,0
1.0,0.0,0.0,0.49435665914221216,0.5714105634690533,0.0,0.06929138530460494,1
0.0,0.5,0.0,0.14334085778781036,0.25627127190218074,0.0,0.020494635090094415,1
1.0,1.0,0.0,0.6264108352144468,0.3508130593722425,0.0,0.014110458666029575,0
0.0,0.5,0.125,0.11512415349887133,0.05458212529938233,0.3333333333333333,0.05416439273810667,1
1.0,1.0,0.625,0.05756207674943566,0.13021555527543174,0.3333333333333333,0.09154270340242172,0
1.0,1.0,0.0,0.6749435665914221,0.26887684356485564,0.0,0.014110458666029575,0
0.0,0.0,0.0,0.07562076749435666,0.4705659901676541,0.0,0.15614960068643363,1
1.0,0.0,0.125,0.4774266365688487,0.5588049918063784,0.0,0.16293234896625058,0
1.0,1.0,0.375,0.03837471783295711,0.04197655363670742,0.3333333333333333,0.05445717323939373,0
1.0,0.0,0.0,0.27765237020316025,0.7983108533972015,0.0,0.05410739813385612,0
1.0,1.0,0.125,0.034988713318284424,0.07979326862473214,0.16666666666666666,0.029757819776815374,1
0.0,0.5,0.0,0.8566591422121895,0.35711584520358,0.0,0.020494635090094415,1
1.0,1.0,0.0,0.4029345372460496,0.23106012857683098,0.0,0.015923941091001644,0
0.0,1.0,0.5,0.14446952595936793,0.20584898525148115,0.3333333333333333,0.015468569817999833,1
1.0,1.0,0.25,0.8024830699774266,0.3192991302155552,0.0,0.016908073949327893,0
1.0,0.5,0.0,0.7629796839729119,0.39493256019160466,0.0,0.020494635090094415,0
0.0,1.0,0.625,0.19525959367945822,0.19324341358880626,0.3333333333333333,0.09154270340242172,0
1.0,0.5,0.0,0.29796839729119634,0.25627127190218074,0.0,0.1434624456306609,0
1.0,1.0,0.125,0.31038374717832956,0.3192991302155552,0.0,0.028212719478023115,0
1.0,1.0,0.0,0.6072234762979684,0.39493256019160466,0.0,0.11027245763075773,1
1.0,1.0,0.0,0.7539503386004514,0.30669355855288033,0.0,0.014931805565640218,0
1.0,1.0,0.0,0.5045146726862302,0.28148241522753054,0.0,0.015411575213749286,0
1.0,1.0,0.0,0.7088036117381489,0.3445102735409051,0.0,0.015712553569072387,0
1.0,0.5,0.0,0.01693002257336343,0.0020168914660279834,0.3333333333333333,0.056604230248832196,1
0.0,1.0,0.0,0.12979683972911962,0.36972141686625487,0.0,0.024349578357040744,1
1.0,1.0,0.0,0.2720090293453724,0.26887684356485564,0.0,0.017566830077223785,0
1.0,1.0,0.0,0.5270880361173814,0.35711584520358,0.0,0.018542765081513996,1
0.0,1.0,0.0,0.10722347629796838,0.38232698852892977,0.0,0.015200187691820024,1
1.0,0.0,0.0,0.42325056433408575,0.3445102735409051,0.0,0.09193307740413781,0
0.0,0.5,0.0,0.10045146726862302,0.20584898525148115,0.0,0.020494635090094415,1
0.0,1.0,0.375,0.9390519187358916,0.40753813185427956,0.0,0.030937139635999665,1
1.0,1.0,0.125,0.8408577878103837,0.19324341358880626,0.5,0.06709553154495196,0
1.0,1.0,0.0,0.7505643340857787,0.24366570023950587,0.0,0.015712553569072387,0
0.0,0.0,0.375,0.2020316027088036,0.28148241522753054,0.3333333333333333,0.5133418122566507,1
1.0,1.0,0.0,0.4187358916478555,0.29408798689020543,0.0,0.015712553569072387,0
1.0,1.0,0.0,0.39390519187358913,0.35711584520358,0.0,0.015712553569072387,0
1.0,1.0,0.0,0.6851015801354401,0.24366570023950587,0.0,0.015330377421392339,0
1.0,0.0,0.125,0.4887133182844243,0.5714105634690533,0.0,0.11940564777490723,0
1.0,1.0,0.125,0.3318284424379232,0.3192991302155552,0.3333333333333333,0.04015972542654215,0
1.0,1.0,0.0,0.3566591422121896,0.735282995083827,0.0,0.014151057562208049,0
1.0,1.0,0.0,0.3510158013544018,0.26887684356485564,0.0,0.015712553569072387,0
1.0,0.0,0.0,0.44018058690744916,0.8865498550359259,0.0,0.06764049365134761,0
1.0,0.0,0.0,0.8182844243792324,0.28148241522753054,0.16666666666666666,0.12366716556464086,1
0.0,0.5,0.0,0.9311512415349886,0.42014370351695446,0.16666666666666666,0.044893010197349675,1
1.0,0.5,0.125,0.7562076749435666,0.42014370351695446,0.0,0.050748620223090936,0
0.0,1.0,0.0,0.24153498871331827,0.3445102735409051,0.0,0.015411575213749286,0
1.0,1.0,0.0,0.6794582392776524,0.35711584520358,0.0,0.015411575213749286,0
1.0,0.0,0.0,0.7200902934537246,0.25627127190218074,0.16666666666666666,0.15085515328815924,0
1.0,1.0,0.0,0.45823927765237016,0.40753813185427956,0.0,0.016891873428256675,0
1.0,1.0,0.25,0.30135440180586903,0.45796041850497915,0.0,0.015468569817999833,0
1.0,1.0,0.0,0.7674943566591421,0.3445102735409051,0.0,0.015411575213749286,0
0.0,1.0,0.0,0.0801354401805869,0.25627127190218074,0.0,0.014931805565640218,1
1.0,1.0,0.0,0.28103837471783294,0.35711584520358,0.0,0.015175789316712771,1
1.0,1.0,0.0,0.7878103837471783,0.4705659901676541,0.0,0.015411575213749286,0
0.0,1.0,0.125,0.1038374717832957,0.3445102735409051,0.0,0.04713766070721715,1
1.0,0.0,0.0,0.8036117381489841,0.5840161351317282,0.0,0.10149724044618187,0
0.0,1.0,0.125,0.1693002257336343,0.1743350560947939,0.0,0.028212719478023115,0
1.0,1.0,0.0,0.3623024830699774,0.26887684356485564,0.0,0.015712553569072387,0
0.0,1.0,0.125,0.1896162528216704,0.24366570023950587,0.0,0.019177122834302632,0
0.0,1.0,0.0,0.20654627539503384,0.20584898525148115,0.0,0.028220722145058292,0
1.0,1.0,0.0,0.37584650112866813,0.25627127190218074,0.0,0.015468569817999833,0
1.0,1.0,0.0,0.6805869074492099,0.8802470692045884,0.0,0.015126992566498259,0
1.0,0.5,0.125,0.837471783295711,0.35711584520358,0.0,0.04098927018018883,0
1.0,0.0,0.0,0.7076749435665913,0.29408798689020543,0.16666666666666666,0.4831284260198326,0
0.0,1.0,0.5,0.13882618510158012,0.01676541031135762,0.3333333333333333,0.06104473451835265,0
1.0,0.5,0.25,0.7595936794582392,0.25627127190218074,0.0,0.1434624456306609,0
1.0,1.0,0.0,0.6151241534988713,0.23106012857683098,0.0,0.015712553569072387,0
1.0,0.5,0.125,0.6625282167042889,0.40123534602294214,0.0,0.058694292654020104,0
0.0,0.5,0.0,0.25959367945823925,0.40123534602294214,0.0,0.025374310111545468,1
1.0,0.0,0.0,0.693002257336343,0.6722551367704526,0.16666666666666666,0.15085515328815924,0
1.0,1.0,0.125,0.02821670428893905,0.14282112693810664,0.0,0.021942337075458514,1
1.0,1.0,0.0,0.6331828442437922,0.23106012857683098,0.0,0.015126992566498259,0
1.0,1.0,0.0,0.43792325056433407,0.29408798689020543,0.0,0.01393967004027879,1
0.0,1.0,0.125,0.08239277652370203,0.01676541031135762,0.16666666666666666,0.04364049521284362,1
1.0,1.0,0.0,0.5338600451467268,0.5588049918063784,0.0,0.013614293309848433,0
1.0,1.0,0.0,0.5812641083521444,0.40753813185427956,0.0,0.015411575213749286,0
1.0,1.0,0.0,0.36907449209932275,0.24366570023950587,0.0,0.013760683560491965,0
0.0,1.0,0.125,0.8679458239277652,0.5840161351317282,0.0,0.028302115124416098,0
0.0,0.5,0.125,0.9401805869074491,0.35711584520358,0.0,0.050748620223090936,1
1.0,0.5,0.0,0.7437923250564333,0.30669355855288033,0.0,0.025374310111545468,0
1.0,0.5,0.0,0.3961625282167043,0.28148241522753054,0.0,0.02936744577509929,0
0.0,0.0,0.0,0.16252821670428894,0.23106012857683098,0.3333333333333333,0.051301584996521765,1
1.0,0.0,0.125,0.510158013544018,0.45796041850497915,0.0,0.10364429745562033,0
1.0,1.0,0.0,0.6715575620767493,0.19324341358880626,0.0,0.01798980030808316,0
1.0,0.0,0.0,0.7968397291196387,0.29408798689020543,0.0,0.15458810467956932,0
0.0,1.0,0.0,0.9356659142212189,0.4957771334930039,0.3333333333333333,0.029757819776815374,0
0.0,1.0,0.0,0.08465011286681715,0.26887684356485564,0.0,0.015126992566498259,1
0.0,1.0,0.125,0.9503386004514672,0.29408798689020543,0.0,0.030937139635999665,1
1.0,1.0,0.0,0.5304740406320542,0.23106012857683098,0.0,0.013175122557917838,0
1.0,0.5,0.0,0.37358916478555304,0.21845455691415605,0.0,0.022446505098674838,0
1.0,0.5,0.125,0.5722347629796839,0.23106012857683098,0.16666666666666666,0.07173122281533045,0
1.0,1.0,0.0,0.31715575620767494,0.3319047018782302,0.0,0.015216388212891242,1
0.0,1.0,0.25,0.24830699774266363,0.10500441195008194,0.3333333333333333,0.06709553154495196,0
1.0,0.5,0.0,0.646726862302483,0.45165763267364173,0.3333333333333333,0.050748620223090936,0
1.0,0.5,0.0,0.9977426636568848,0.5209882768183537,0.0,0.025374310111545468,0
1.0,0.5,0.0,0.9966139954853273,0.6344384217824278,0.0,0.02444717185746977,0
0.0,0.0,0.125,0.9661399548532731,0.26887684356485564,0.0,0.12999454257145598,1
1.0,1.0,0.0,0.2878103837471783,0.6911634942644649,0.0,0.015712553569072387,0
1.0,1.0,0.0,0.3227990970654627,0.5020799193243414,0.3333333333333333,0.028302115124416098,0
1.0,1.0,0.0,0.672686230248307,0.3319047018782302,0.0,0.014273049437744325,0
1.0,0.0,0.0,0.34085778781038373,0.6344384217824278,0.16666666666666666,0.11980421963065935,0
0.0,1.0,0.0,0.18510158013544017,0.19324341358880626,0.0,0.015094396337354966,1
1.0,1.0,0.0,0.4706546275395033,0.36972141686625487,0.0,0.015712553569072387,0
1.0,1.0,0.0,0.6489841986455981,0.45796041850497915,0.0,0.016908073949327893,0
1.0,1.0,1.0,0.05304740406320541,0.05458212529938233,0.3333333333333333,0.13575255909676825,0
1.0,1.0,0.0,0.5586907449209931,0.5461994201437035,0.16666666666666666,0.031425107138144774,0
0.0,0.5,0.0,0.9187358916478554,0.4957771334930039,0.0,0.030741952635141623,1
1.0,1.0,0.0,0.5677200902934537,0.3192991302155552,0.0,0.015175789316712771,0
1.0,1.0,0.0,0.5801354401805868,0.20584898525148115,0.0,0.016908073949327893,0
1.0,1.0,0.5,0.02708803611738149,0.004159838648682718,0.16666666666666666,0.07746484096553544,0
1.0,1.0,0.0,0.03160270880361173,0.10500441195008194,0.3333333333333333,0.04006213192611313,1
0.0,0.0,0.0,0.8544018058690744,0.5966217067944031,0.16666666666666666,0.10735285047192313,1
0.0,1.0,0.125,0.9762979683972911,0.5588049918063784,0.6666666666666666,0.05445717323939373,0
1.0,0.0,0.0,0.5507900677200902,0.747888566746502,0.0,0.050602229972447406,0
1.0,1.0,0.0,0.6083521444695259,0.3445102735409051,0.0,0.11027245763075773,0
1.0,0.0,0.0,0.845372460496614,0.7604941384091768,0.0,0.06538764528744409,0
1.0,1.0,0.5,0.019187358916478554,0.04197655363670742,0.16666666666666666,0.05684821399990475,0
0.0,1.0,0.125,0.12302483069977425,0.004159838648682718,0.16666666666666666,0.021730754366528396,1
1.0,1.0,0.0,0.30925507900677196,0.25627127190218074,0.0,0.015468569817999833,0
1.0,0.0,0.0,0.5146726862302483,0.6974662800958024,0.0,0.05991421140938287,0
1.0,1.0,0.125,0.5970654627539503,0.21845455691415605,0.16666666666666666,0.015330377421392339,0
1.0,1.0,0.375,0.04176072234762979,0.05458212529938233,0.16666666666666666,0.049707687947515,0
0.0,0.0,0.0,0.07787810383747178,0.6218328501197529,0.0,0.05604306762136532,0
1.0,0.5,0.0,0.7144469525959367,0.36972141686625487,0.0,0.025374310111545468,0
1.0,1.0,0.0,0.6207674943566591,0.44535484684230425,0.0,0.0,0
0.0,1.0,1.0,0.11399548532731377,0.09239884028740704,0.3333333333333333,0.13575255909676825,0
1.0,0.5,0.0,0.7178329571106095,0.483171561830329,0.0,0.02937564362913533,0
1.0,1.0,0.5,0.02257336343115124,0.10500441195008194,0.3333333333333333,0.06126431989431795,0
1.0,0.5,0.25,0.04966139954853273,0.004159838648682718,0.16666666666666666,0.07612293033463641,1
0.0,1.0,0.0,0.19977426636568846,0.04197655363670742,0.3333333333333333,0.04298993693898376,1
1.0,0.0,0.0,0.49322799097065456,0.483171561830329,0.0,0.09759350042902103,0
0.0,1.0,0.125,0.9672686230248306,0.3192991302155552,0.0,0.030253985132996517,1
1.0,0.0,0.0,0.3476297968397291,0.5588049918063784,0.0,0.051822148727810165,1
1.0,1.0,0.125,0.5496613995485327,0.4957771334930039,0.16666666666666666,0.030253985132996517,0
1.0,1.0,0.0,0.7663656884875846,0.44535484684230425,0.0,0.015411575213749286,0
0.0,0.5,0.0,0.8645598194130925,0.39493256019160466,0.0,0.025374310111545468,1
1.0,0.5,0.0,0.8216704288939051,0.23106012857683098,0.0,0.025374310111545468,0
0.0,1.0,0.125,0.10835214446952596,0.23106012857683098,0.0,0.015330377421392339,1
1.0,0.5,0.125,0.04853273137697516,0.02937098197403252,0.16666666666666666,0.050748620223090936,1
0.0,0.0,0.0,0.9209932279909706,0.5461994201437035,0.0,0.05410739813385612,1
0.0,0.0,0.0,0.1275395033860045,0.7226774234211522,0.0,0.2859895551532101,1
1.0,1.0,0.0,0.7325056433408578,0.3445102735409051,0.0,0.015126992566498259,0
1.0,1.0,0.0,0.5948081264108351,0.5209882768183537,0.16666666666666666,0.01640390592611157,0
0.0,1.0,0.0,0.21444695259593677,0.25627127190218074,0.0,0.015126992566498259,1
0.0,0.5,0.0,0.1659142212189616,0.29408798689020543,0.0,0.025374310111545468,0
1.0,1.0,0.0,0.6613995485327313,0.3445102735409051,0.0,0.018542765081513996,0
1.0,1.0,1.0,0.43340857787810383,0.20584898525148115,0.3333333333333333,0.13575255909676825,0
1.0,1.0,0.0,0.5112866817155756,0.42014370351695446,0.0,0.012678957201736696,0
1.0,1.0,0.0,0.4525959367945824,0.5651077776377158,0.0,0.014102260811993537,0
1.0,1.0,0.0,0.45598194130925507,0.21845455691415605,0.0,0.015712553569072387,1
0.0,1.0,0.0,0.2607223476297968,0.01676541031135762,0.16666666666666666,0.02042143996477265,0
1.0,1.0,0.125,0.5880361173814898,0.39493256019160466,0.0,0.030937139635999665,0
1.0,1.0,0.0,0.6580135440180587,0.3192991302155552,0.0,0.036670757786204655,1
0.0,1.0,0.0,0.15914221218961624,0.19324341358880626,0.0,0.015126992566498259,1
1.0,0.0,0.0,0.4785553047404063,0.4957771334930039,0.0,0.060507970265993034,1
1.0,1.0,0.0,0.2765237020316027,0.29408798689020543,0.0,0.013760683560491965,0
0.0,0.5,0.0,0.1128668171557562,0.43274927517962936,0.0,0.04098927018018883,1
1.0,1.0,0.0,0.5609480812641083,0.26887684356485564,0.0,0.014151057562208049,0
1.0,0.5,0.0,0.46501128668171554,0.36972141686625487,0.0,0.025374310111545468,0
1.0,1.0,0.125,0.7042889390519187,0.26887684356485564,0.0,0.015126992566498259,0
0.0,0.0,0.125,0.20428893905191872,0.38232698852892977,0.0,0.22109807522194713,1
0.0,1.0,0.0,0.12415349887133181,0.3319047018782302,0.0,0.015468569817999833,1
1.0,0.5,0.125,0.7528216704288938,0.5209882768183537,0.0,0.05270049023167135,0
0.0,0.0,0.0,0.06659142212189616,0.39493256019160466,0.0,0.14891148113361488,1
1.0,0.5,0.0,0.8058690744920992,0.36972141686625487,0.0,0.020494635090094415,0
1.0,1.0,0.0,0.7957110609480812,0.19324341358880626,0.0,0.015712553569072387,1
1.0,0.5,0.0,0.5191873589164785,0.3319047018782302,0.0,0.025374310111545468,0
1.0,1.0,0.0,0.445823927765237,0.6344384217824278,0.0,0.015712553569072387,0
1.0,1.0,0.0,0.35440180586907444,0.26887684356485564,0.0,0.015411575213749286,0
1.0,0.0,0.125,0.43227990970654623,0.4705659901676541,0.0,0.17566830077223786,1
1.0,1.0,0.0,0.59255079006772,0.26887684356485564,0.0,0.018249984580226933,0
1.0,0.5,0.0,0.8363431151241534,0.23106012857683098,0.0,0.020494635090094415,1
1.0,1.0,0.0,0.5575620767494356,0.2499684860708433,0.0,0.014151057562208049,0
1.0,0.5,0.0,0.3115124153498871,0.21845455691415605,0.0,0.025374310111545468,0
0.0,1.0,0.375,0.2404063205417607,0.14282112693810664,0.16666666666666666,0.049707687947515,0
0.0,0.0,0.125,0.9119638826185101,0.43274927517962936,0.0,0.16293234896625058,1
1.0,1.0,0.0,0.32392776523702027,0.35711584520358,0.0,0.015175789316712771,0
1.0,0.5,0.0,0.4063205417607223,0.735282995083827,0.0,0.026350245115835676,0
0.0,1.0,0.5,0.1963882618510158,0.05458212529938233,0.3333333333333333,0.06126431989431795,1
1.0,0.5,0.0,0.7336343115124153,0.29408798689020543,0.0,0.020494635090094415,0
0.0,1.0,0.0,0.07110609480812641,0.25627127190218074,0.0,0.014736618564782174,0
1.0,0.5,0.125,0.7641083521444695,0.5461994201437035,0.0,0.050748620223090936,0
0.0,0.5,0.0,0.22799097065462753,0.09239884028740704,0.3333333333333333,0.05123658772523604,1
1.0,0.5,0.0,0.4356659142212189,0.23106012857683098,0.0,0.020494635090094415,0
1.0,0.5,0.0,0.44695259593679454,0.40753813185427956,0.0,0.023959204355324663,0
0.0,1.0,0.125,0.2618510158013544,0.23106012857683098,0.0,0.028212719478023115,0
0.0,1.0,0.125,0.1873589164785553,0.21845455691415605,0.0,0.030253985132996517,1
1.0,0.5,0.0,0.7121896162528216,0.35711584520358,0.0,0.020494635090094415,0
1.0,1.0,0.0,0.6376975169300225,0.26887684356485564,0.0,0.013907073811135496,0
1.0,1.0,0.0,0.7573363431151241,0.36972141686625487,0.0,0.014102260811993537,0
1.0,0.0,0.25,0.01128668171557562,0.5461994201437035,0.0,0.17566830077223786,0
0.0,1.0,0.0,0.06433408577878104,0.30669355855288033,0.0,0.015175789316712771,0
0.0,0.5,0.0,0.9785553047404062,0.29408798689020543,0.3333333333333333,0.028302115124416098,1
1.0,0.0,0.125,0.7257336343115124,0.45796041850497915,0.16666666666666666,0.10257896680493714,1
1.0,0.5,0.125,0.9932279909706545,0.6722551367704526,0.0,0.050748620223090936,0
1.0,1.0,0.0,0.518058690744921,0.21845455691415605,0.0,0.014151057562208049,0
0.0,1.0,0.125,0.9751693002257336,0.35711584520358,0.16666666666666666,0.02042143996477265,0
1.0,0.0,0.0,0.8431151241534988,0.7730997100718517,0.0,0.051822148727810165,0
1.0,1.0,0.125,0.8160270880361173,0.36972141686625487,0.0,0.031425107138144774,0
0.0,1.0,0.0,0.9729119638826185,0.5083827051556787,0.3333333333333333,0.039452172548431745,0
0.0,1.0,0.0,0.8803611738148983,0.35711584520358,0.3333333333333333,0.029757819776815374,1
0.0,0.0,0.0,0.9085778781038374,0.4705659901676541,0.0,0.15458810467956932,1
0.0,0.0,0.0,0.15124153498871332,0.36972141686625487,0.0,0.16883675574220638,1
0.0,0.0,0.0,0.08803611738148984,0.43274927517962936,0.0,1.0,1
0.0,0.5,0.0,0.8600451467268623,0.6218328501197529,0.16666666666666666,0.050748620223090936,1
1.0,1.0,0.5,0.025959367945823927,0.02937098197403252,0.3333333333333333,0.06126431989431795,1
1.0,0.0,0.125,0.3950338600451467,0.6470439934451027,0.16666666666666666,0.1554664461834305,0
1.0,0.0,0.0,0.8250564334085778,0.4957771334930039,0.0,0.0,0
0.0,1.0,0.0,0.11738148984198644,0.25627127190218074,0.0,0.015126992566498259,0
1.0,0.5,0.0,0.3645598194130925,0.44535484684230425,0.0,0.020494635090094415,0
1.0,1.0,0.5,0.40519187358916475,0.19324341358880626,0.16666666666666666,0.07746484096553544,0
1.0,1.0,0.125,0.40857787810383744,0.30669355855288033,0.0,0.015175789316712771,1
0.0,0.0,0.0,0.9898419864559819,0.7226774234211522,0.16666666666666666,0.2995388511917728,1
0.0,0.0,0.0,0.07336343115124153,0.43274927517962936,0.0,0.2647385704347907,1
1.0,0.0,0.0,0.28329571106094803,0.3445102735409051,0.0,0.060507970265993034,0
1.0,1.0,0.0,0.8306997742663657,0.30669355855288033,0.0,0.0,1
0.0,0.5,0.0,0.855530474040632,0.5083827051556787,0.16666666666666666,0.038061465167318204,1
1.0,0.0,0.0,0.3465011286681715,0.45796041850497915,0.16666666666666666,0.057970539254838485,0
0.0,1.0,0.0,0.15349887133182843,0.40753813185427956,0.0,0.015126992566498259,1
0.0,0.0,0.125,0.19074492099322798,0.7857052817345266,0.0,0.15216446768991498,1
0.0,1.0,0.0,0.0948081264108352,0.5588049918063784,0.0,0.015126992566498259,0
1.0,0.5,0.0,0.4209932279909706,0.25627127190218074,0.0,0.0,0
1.0,1.0,0.5,0.02934537246049661,0.07979326862473214,0.16666666666666666,0.05684821399990475,0
0.0,1.0,0.125,0.9638826185101579,0.43274927517962936,0.16666666666666666,0.03952536767375352,1
1.0,1.0,0.0,0.4243792325056433,0.8109164250598765,0.0,0.015126992566498259,0
1.0,1.0,0.0,0.6681715575620767,0.3445102735409051,0.0,0.015330377421392339,0
1.0,1.0,0.0,0.2866817155756207,0.19324341358880626,0.0,0.018542765081513996,0
1.0,1.0,0.0,0.3769751693002257,0.23106012857683098,0.0,0.015712553569072387,1
1.0,0.0,0.0,0.7279909706546275,0.7100718517584772,0.0,0.050748620223090936,0
1.0,1.0,0.0,0.5056433408577877,0.40753813185427956,0.0,0.016908073949327893,0
1.0,1.0,0.0,0.77313769751693,0.36972141686625487,0.0,0.018542765081513996,1
1.0,1.0,0.0,0.6896162528216704,0.26887684356485564,0.0,0.015411575213749286,0
1.0,0.5,0.0,0.6354401805869074,0.5209882768183537,0.0,0.025374310111545468,1
0.0,1.0,0.0,0.18284424379232503,0.26887684356485564,0.0,0.015126992566498259,1
0.0,0.0,0.0,0.1343115124153499,0.3192991302155552,0.0,0.15390495017656614,1
0.0,0.0,0.125,0.8814898419864559,0.23106012857683098,0.0,0.17777475888549785,1
1.0,0.5,0.0,0.7167042889390518,0.44535484684230425,0.0,0.025130326360472913,0
0.0,1.0,0.0,0.07223476297968397,0.29408798689020543,0.0,0.01727404957593672,0
1.0,1.0,0.0,0.5033860045146726,0.29408798689020543,0.0,0.015411575213749286,0
1.0,0.0,0.0,0.41083521444695253,0.36972141686625487,0.0,0.05410739813385612,0
1.0,1.0,0.0,0.6275395033860045,0.287785201058868,0.0,0.014110458666029575,0
0.0,0.0,0.125,0.1602708803611738,0.01676541031135762,0.3333333333333333,0.29580589980036276,0
1.0,0.0,0.0,0.2753950338600451,0.5840161351317282,0.0,0.05953203526170282,1
0.0,0.0,0.0,0.9198645598194131,0.6218328501197529,0.16666666666666666,0.4831284260198326,1
0.0,1.0,0.0,0.07900677200902934,0.24366570023950587,0.0,0.015126992566498259,1
1.0,1.0,0.25,0.3295711060948081,0.29408798689020543,0.0,0.04538097769949478,1
1.0,1.0,0.0,0.81941309255079,0.23106012857683098,0.0,0.0,0
0.0,0.5,0.0,0.24266365688487582,0.5714105634690533,0.0,0.024105594605968193,1
1.0,1.0,0.0,0.492099322799097,0.3445102735409051,0.0,0.015712553569072387,0
1.0,0.0,0.125,0.04288939051918735,0.003151392915668726,0.3333333333333333,0.29580589980036276,1
0.0,0.0,0.0,0.21218961625282165,0.5209882768183537,0.0,0.21642978772242535,1
0.0,0.0,0.125,0.9717832957110608,0.20584898525148115,0.0,0.2125586439344078,1
1.0,0.5,0.125,0.7392776523702032,0.36972141686625487,0.0,0.04684488020593009,0
0.0,0.0,0.0,0.19413092550790065,0.36972141686625487,0.0,0.11111839809247648,1
0.0,0.0,0.0,0.20880361173814896,0.29408798689020543,0.0,0.16231419173453318,1
0.0,0.0,0.25,0.14221218961625282,0.21845455691415605,0.3333333333333333,0.5121218935012878,1
0.0,0.5,0.125,0.9774266365688487,0.3192991302155552,0.16666666666666666,0.050748620223090936,0
1.0,1.0,0.0,0.49661399548532725,0.3445102735409051,0.0,0.015411575213749286,0
1.0,0.5,0.125,0.3261851015801354,0.5335938484810286,0.16666666666666666,0.05123658772523604,0
0.0,1.0,0.0,0.16478555304740405,0.3192991302155552,0.0,0.015330377421392339,1
0.0,0.5,0.125,0.9616252821670428,0.29408798689020543,0.0,0.050748620223090936,1
1.0,0.5,0.0,0.007900677200902933,0.6722551367704526,0.0,0.027326180120125887,0
0.0,0.0,0.0,0.23927765237020315,0.38232698852892977,0.3333333333333333,0.32179836714362564,1
0.0,0.0,0.125,0.8995485327313769,0.4957771334930039,0.16666666666666666,0.2625265161540666,1
1.0,1.0,0.0,0.7415349887133182,0.26887684356485564,0.0,0.014151057562208049,0
1.0,1.0,0.0,0.8465011286681715,0.3319047018782302,0.0,0.015411575213749286,0
0.0,0.5,0.0,0.16704288939051917,0.36972141686625487,0.0,0.024105594605968193,1
0.0,0.5,0.125,0.8668171557562077,0.26887684356485564,0.16666666666666666,0.056604230248832196,1
1.0,1.0,1.0,0.4480812641083521,0.24366570023950587,0.3333333333333333,0.13575255909676825,0
0.0,0.0,0.0,0.22234762979683972,0.44535484684230425,0.0,0.2647385704347907,1
1.0,1.0,0.0,0.5361173814898419,0.7604941384091768,0.0,0.012174789178520372,0
0.0,0.5,0.0,0.8498871331828441,0.44535484684230425,0.0,0.025374310111545468,1
0.0,1.0,0.125,0.8972911963882618,0.38232698852892977,0.16666666666666666,0.04006213192611313,1
0.0,0.0,0.0,0.17607223476297967,0.19324341358880626,0.16666666666666666,0.11316786160148591,1
0.0,1.0,0.25,0.0654627539503386,0.3445102735409051,0.0,0.04538097769949478,1
1.0,0.0,0.0,0.3216704288939052,0.5651077776377158,0.0,0.055628295244541985,0
1.0,0.0,0.0,0.4424379232505643,0.4705659901676541,0.16666666666666666,0.2995388511917728,0
1.0,1.0,0.25,0.610609480812641,0.19324341358880626,0.0,0.03513366015444757,0
0.0,0.0,0.125,0.9142212189616252,0.5209882768183537,0.0,0.2608674266467732,1
1.0,1.0,0.0,0.6534988713318284,0.36972141686625487,0.0,0.015411575213749286,0
1.0,0.0,0.125,0.775395033860045,0.35711584520358,0.0,0.12999454257145598,0
0.0,0.0,0.0,0.1309255079006772,0.5083827051556787,0.0,0.2625265161540666,1
1.0,1.0,0.0,0.5891647855530474,0.5588049918063784,0.0,0.015712553569072387,1
1.0,0.0,0.0,0.765237020316027,0.5588049918063784,0.0,0.06929138530460494,0
1.0,0.5,0.125,0.024830699774266364,0.01676541031135762,0.16666666666666666,0.050748620223090936,1
0.0,0.0,0.375,0.06884875846501128,0.29408798689020543,0.3333333333333333,0.5133418122566507,1
1.0,0.5,0.0,0.3995485327313769,0.3445102735409051,0.0,0.025374310111545468,0
1.0,0.5,0.0,0.3442437923250564,0.30669355855288033,0.0,0.025374310111545468,0
1.0,0.5,0.0,0.7607223476297967,0.44535484684230425,0.0,0.025374310111545468,0
0.0,0.5,0.0,0.07449209932279909,0.29408798689020543,0.0,0.025374310111545468,1
0.0,0.5,0.0,0.2257336343115124,0.4957771334930039,0.0,0.025374310111545468,1
0.0,1.0,0.125,0.9683972911963882,0.42014370351695446,0.0,0.031425107138144774,1
1.0,1.0,0.125,0.05869074492099322,0.02937098197403252,0.16666666666666666,0.031034733136428686,1
1.0,1.0,0.0,0.5790067720090293,0.5209882768183537,0.0,0.016908073949327893,0
1.0,1.0,0.0,0.6693002257336342,0.28148241522753054,0.0,0.01800600082915438,0
1.0,0.0,0.0,0.4176072234762979,0.5335938484810286,0.0,0.06831545030031472,0
1.0,1.0,0.125,0.7720090293453724,0.18063784192613136,0.16666666666666666,0.014110458666029575,0
1.0,1.0,0.125,0.5711060948081264,0.30669355855288033,0.0,0.034743286152731485,0
1.0,1.0,0.0,0.809255079006772,0.28148241522753054,0.0,0.014102260811993537,0
1.0,1.0,0.0,0.6117381489841986,0.3445102735409051,0.0,0.018542765081513996,0
0.0,0.0,0.0,0.14108352144469524,0.26887684356485564,0.16666666666666666,0.10735285047192313,1
0.0,0.5,0.0,0.09029345372460496,0.4705659901676541,0.0,0.025374310111545468,0
0.0,1.0,0.0,0.23814898419864558,0.26887684356485564,0.0,0.01537917417160685,1
0.0,1.0,0.0,0.16139954853273136,0.28148241522753054,0.0,0.01537917417160685,1
1.0,1.0,0.125,0.8103837471783295,0.4957771334930039,0.6666666666666666,0.05445717323939373,0
1.0,0.5,0.125,0.7494356659142212,0.35711584520358,0.0,0.05410739813385612,0
0.0,1.0,0.0,0.8532731376975169,0.5588049918063784,0.16666666666666666,0.028212719478023115,0
1.0,1.0,0.0,0.27313769751693,0.43274927517962936,0.0,0.013760683560491965,0
1.0,1.0,0.125,0.7821670428893904,0.3319047018782302,0.0,0.030253985132996517,0
1.0,1.0,0.0,0.6433408577878104,0.36972141686625487,0.0,0.014151057562208049,0
0.0,0.0,0.125,0.8984198645598194,0.747888566746502,0.0,0.14687821814567664,1
0.0,1.0,0.0,0.8611738148984198,0.43274927517962936,0.0,0.014110458666029575,1
0.0,1.0,0.0,0.09142212189616251,0.26887684356485564,0.0,0.015126992566498259,1
0.0,0.0,0.0,0.2697516930022573,0.29408798689020543,0.0,0.13526459159462315,1
1.0,0.0,0.125,0.4390519187358916,0.30669355855288033,0.0,0.1082149914547131,1
1.0,1.0,0.125,0.5124153498871331,0.21845455691415605,0.0,0.012678957201736696,0
1.0,1.0,0.0,0.8419864559819412,0.23106012857683098,0.0,0.015712553569072387,0
1.0,0.0,0.0,0.7460496613995484,0.26887684356485564,0.0,0.2647385704347907,0
0.0,1.0,0.375,0.25733634311512416,0.02937098197403252,0.16666666666666666,0.04113566043083236,0
0.0,0.0,0.125,0.8826185101580135,0.30669355855288033,0.0,0.16038672010106003,1
0.0,1.0,0.0,0.0981941309255079,0.26887684356485564,0.0,0.014151057562208049,1
1.0,0.0,0.0,0.4717832957110609,0.3319047018782302,0.3333333333333333,0.41282050681475896,0
1.0,1.0,0.0,0.7697516930022573,0.24366570023950587,0.0,0.007831878409428937,0
1.0,1.0,0.0,0.590293453724605,0.23106012857683098,0.0,0.015175789316712771,0
0.0,0.0,0.0,0.2494356659142212,0.5209882768183537,0.0,0.4440992237022602,1
0.0,1.0,0.0,0.22009029345372458,0.004159838648682718,0.3333333333333333,0.030725752114070404,1
1.0,1.0,0.0,0.5846501128668171,0.39493256019160466,0.0,0.015468569817999833,0
0.0,0.0,0.125,0.8690744920993227,0.43274927517962936,0.0,0.10149724044618187,1
1.0,1.0,0.0,0.7945823927765236,0.3319047018782302,0.0,0.015411575213749286,0
1.0,0.5,0.0,0.3498871331828442,0.21845455691415605,0.0,0.1434624456306609,0
1.0,1.0,0.625,0.05079006772009029,0.004159838648682718,0.3333333333333333,0.09154270340242172,0
0.0,0.5,0.0,0.18171557562076748,0.44535484684230425,0.0,0.025374310111545468,1
1.0,1.0,0.0,0.636568848758465,0.23106012857683098,0.0,0.015086393670319786,0
0.0,0.5,0.0,0.10270880361173813,0.20584898525148115,0.0,0.023422440102965045,1
1.0,0.0,0.125,0.8227990970654627,0.44535484684230425,0.3333333333333333,0.23422440102965048,1
1.0,1.0,0.0,0.3352144469525959,0.25627127190218074,0.0,0.015216388212891242,1
1.0,1.0,0.25,0.5327313769751693,0.3445102735409051,0.0,0.015468569817999833,0
0.0,0.0,0.125,0.22911963882618508,0.28148241522753054,0.0,0.22109807522194713,1
0.0,1.0,0.0,0.9153498871331828,0.29408798689020543,0.3333333333333333,0.03259622914329302,1
1.0,1.0,0.0,0.4006772009029345,0.26887684356485564,0.0,0.015216388212891242,0
0.0,1.0,0.0,0.1252821670428894,0.38232698852892977,0.0,0.015330377421392339,0
1.0,0.5,0.0,0.6986455981941309,0.5714105634690533,0.0,0.050748620223090936,0
1.0,0.5,0.0,0.004514672686230248,0.28148241522753054,0.0,0.020494635090094415,0
0.0,0.5,0.0,0.9875846501128668,0.3445102735409051,0.0,0.02469115560854232,1
1.0,1.0,0.0,0.582392776523702,0.483171561830329,0.0,0.015468569817999833,1
1.0,1.0,0.0,0.54627539503386,0.3192991302155552,0.0,0.015712553569072387,0
0.0,1.0,0.125,0.21896162528216703,0.25627127190218074,0.0,0.019177122834302632,0
1.0,1.0,0.125,0.6884875846501128,0.3445102735409051,0.0,0.030937139635999665,0
0.0,1.0,0.0,0.22460496613995484,0.24366570023950587,0.0,0.016908073949327893,0
1.0,0.5,0.125,0.7516930022573363,0.42014370351695446,0.0,0.04098927018018883,0
1.0,1.0,0.0,0.3363431151241535,0.6344384217824278,0.0,0.015126992566498259,0
1.0,0.5,0.125,0.05981941309255079,0.02937098197403252,0.16666666666666666,0.03659756266088288,1
1.0,1.0,0.0,0.4672686230248307,0.25627127190218074,0.0,0.015175789316712771,0
0.0,1.0,0.375,0.1715575620767494,0.02937098197403252,0.16666666666666666,0.049707687947515,0
1.0,1.0,0.0,0.7911963882618509,0.5209882768183537,0.0,0.015411575213749286,0
1.0,1.0,0.0,0.4808126410835214,0.3319047018782302,0.0,0.013386510079847098,0
0.0,0.0,0.125,0.11625282167042889,0.40753813185427956,0.0,0.17566830077223786,1
1.0,0.5,0.0,0.28893905191873587,0.26887684356485564,0.0,0.0,0
1.0,1.0,0.0,0.5383747178329571,0.5461994201437035,0.0,0.015468569817999833,1
0.0,1.0,0.0,0.9650112866817155,0.39493256019160466,0.0,0.015712553569072387,0
0.0,0.5,0.125,0.9221218961625282,0.42014370351695446,0.16666666666666666,0.06343577527886367,1
0.0,0.5,0.0,0.20090293453724603,0.21845455691415605,0.3333333333333333,0.025374310111545468,1
1.0,0.5,0.0,0.8352144469525958,0.36972141686625487,0.0,0.025374310111545468,0
0.0,1.0,0.0,0.11060948081264108,0.11760998361275685,0.3333333333333333,0.04713766070721715,0
1.0,1.0,0.0,0.3611738148984198,0.25627127190218074,0.0,0.015094396337354966,0
1.0,1.0,0.0,0.6128668171557562,0.35711584520358,0.0,0.015370976317570811,0
0.0,1.0,0.125,0.8939051918735891,0.3445102735409051,0.16666666666666666,0.028106928123558056,0
1.0,1.0,0.125,0.801354401805869,0.21845455691415605,0.16666666666666666,0.039452172548431745,0
1.0,1.0,0.0,0.7054176072234762,0.6722551367704526,0.0,0.014151057562208049,0
0.0,0.5,0.125,0.8792325056433408,0.3445102735409051,0.0,0.050748620223090936,1
0.0,0.5,0.0,0.1839729119638826,0.23106012857683098,0.0,0.050748620223090936,1
1.0,1.0,0.0,0.5169300225733634,0.3445102735409051,0.0,0.015126992566498259,0
1.0,1.0,0.0,0.32844243792325056,0.39493256019160466,0.0,0.015712553569072387,1
1.0,0.0,0.0,0.6422121896162528,0.3445102735409051,0.0,0.051822148727810165,1
0.0,1.0,0.125,0.9514672686230248,0.40753813185427956,0.0,0.031425107138144774,1
0.0,0.5,0.125,0.8769751693002257,0.5209882768183537,0.0,0.050748620223090936,1
1.0,1.0,0.0,0.6659142212189616,0.20584898525148115,0.0,0.013907073811135496,0
1.0,0.0,0.125,0.8171557562076749,0.6218328501197529,0.0,0.1091095334796455,0
0.0,0.0,0.125,0.19751693002257334,0.16803227026345646,0.3333333333333333,0.23422440102965048,1
0.0,1.0,0.25,0.118510158013544,0.25627127190218074,0.3333333333333333,0.06709553154495196,0
0.0,0.5,0.25,0.9593679458239277,0.29408798689020543,0.5,0.03659756266088288,1
1.0,0.0,0.125,0.6309255079006771,0.7983108533972015,0.6666666666666666,0.5133418122566507,0
1.0,0.5,0.0,0.5372460496613995,0.38232698852892977,0.0,0.020494635090094415,0
0.0,0.5,0.125,0.8735891647855529,0.5588049918063784,0.16666666666666666,0.05123658772523604,1
1.0,1.0,0.0,0.6139954853273137,0.24366570023950587,0.0,0.018542765081513996,0
1.0,1.0,0.125,0.5349887133182843,0.30669355855288033,0.0,0.015175789316712771,0
0.0,0.5,0.0,0.9909706546275394,0.3445102735409051,0.0,0.025374310111545468,1
1.0,1.0,0.0,0.33069977426636565,0.35711584520358,0.0,0.015834545444608664,1
1.0,0.0,0.0,0.0564334085778781,0.04197655363670742,0.3333333333333333,0.15977676072337862,1
0.0,0.5,0.0,0.20541760722347627,0.15542669860078154,0.16666666666666666,0.038061465167318204,1
1.0,0.0,0.0,0.427765237020316,0.42014370351695446,0.0,0.051822148727810165,1
0.0,1.0,0.25,0.22121896162528215,0.05458212529938233,0.16666666666666666,0.03758969818624431,1
1.0,0.0,0.0,0.015801354401805866,0.6470439934451027,0.0,0.05953203526170282,1
1.0,0.5,0.125,0.38713318284424375,0.44535484684230425,0.3333333333333333,0.05416439273810667,0
1.0,1.0,0.125,0.5011286681715575,0.3445102735409051,0.0,0.03897240290032268,0
1.0,0.0,0.0,0.32731376975169296,0.36972141686625487,0.0,0.05416439273810667,0
1.0,0.0,0.125,0.7449209932279909,0.609227278457078,0.0,0.17391981561855152,1
1.0,1.0,0.0,0.5767494356659142,0.29408798689020543,0.0,0.015712553569072387,0
1.0,1.0,0.0,0.5022573363431151,0.35711584520358,0.0,0.015411575213749286,1
1.0,0.0,0.0,0.41986455981941306,0.8109164250598765,0.0,0.051822148727810165,0
0.0,0.0,0.125,0.9051918735891648,0.5083827051556787,0.0,0.10122885832000206,1
0.0,0.5,0.0,0.13769751693002255,0.6218328501197529,0.0,0.020494635090094415,1
1.0,1.0,0.0,0.6399548532731376,0.20584898525148115,0.0,0.015126992566498259,0
1.0,0.0,0.0,0.4695259593679458,0.5966217067944031,0.0,0.051822148727810165,1
1.0,1.0,0.0,0.8397291196388261,0.42014370351695446,0.0,0.015712553569072387,0
1.0,0.0,0.0,0.31376975169300225,0.5840161351317282,0.0,0.07514699533034619,0
1.0,0.5,0.0,0.5079006772009029,0.5966217067944031,0.0,0.025374310111545468,0
1.0,1.0,0.0,0.755079006772009,0.42014370351695446,0.0,0.015712553569072387,0
1.0,1.0,0.0,0.628668171557562,0.4705659901676541,0.0,0.013760683560491965,0
1.0,0.5,0.0,0.8205417607223475,0.25627127190218074,0.0,0.0,0
1.0,0.0,0.0,0.5654627539503385,0.6974662800958024,0.0,0.051822148727810165,0
1.0,1.0,0.0,0.5248306997742663,0.26887684356485564,0.0,0.015078195816283748,0
0.0,1.0,0.25,0.16365688487584648,0.0010084457330139917,0.16666666666666666,0.03758969818624431,1
1.0,1.0,0.0,0.3148984198645598,0.483171561830329,0.0,0.014151057562208049,0
1.0,1.0,0.0,0.6230248306997742,0.4705659901676541,0.0,0.016908073949327893,0
0.0,0.5,0.125,0.8882618510158012,0.40753813185427956,0.3333333333333333,0.05416439273810667,1
0.0,0.5,0.0,0.8702031602708803,0.28148241522753054,0.0,0.026919605597338588,1
0.0,1.0,0.0,0.17268623024830698,0.26887684356485564,0.0,0.019201521209409888,0
1.0,0.0,0.0,0.45033860045146723,0.4957771334930039,0.0,0.10149724044618187,0
1.0,0.5,0.125,0.700902934537246,0.42014370351695446,0.0,0.04098927018018883,0
1.0,1.0,0.125,0.6196388261851016,0.35711584520358,0.0,0.013752485706455927,0
1.0,1.0,0.0,0.6670428893905191,0.26887684356485564,0.0,0.014679623960531627,0
0.0,1.0,0.0,0.16817155756207675,0.01676541031135762,0.16666666666666666,0.023983602730431916,1
1.0,1.0,0.625,0.040632054176072234,0.10500441195008194,0.3333333333333333,0.09154270340242172,0
1.0,0.5,0.0,0.3058690744920993,0.45796041850497915,0.0,0.0,0
1.0,1.0,0.0,0.7234762979683972,0.6218328501197529,0.0,0.015712553569072387,0
0.0,1.0,0.0,0.8577878103837471,0.7857052817345266,0.0,0.018713553707264782,1
1.0,0.0,0.125,0.3679458239277652,0.30669355855288033,0.0,0.17777475888549785,1
0.0,1.0,0.375,0.17720090293453722,0.09239884028740704,0.16666666666666666,0.049707687947515,0
0.0,0.0,0.125,0.9040632054176071,0.43274927517962936,0.0,0.17566830077223786,1
1.0,0.0,0.0,0.3781038374717833,0.7226774234211522,0.0,0.057970539254838485,0
1.0,1.0,0.0,0.42212189616252815,0.36972141686625487,0.0,0.015712553569072387,0
1.0,1.0,0.125,0.0237020316027088,0.10500441195008194,0.16666666666666666,0.031034733136428686,1
1.0,1.0,0.125,0.5993227990970654,0.23106012857683098,0.0,0.03897240290032268,0
1.0,1.0,0.0,0.3882618510158013,0.25627127190218074,0.0,0.014151057562208049,0
1.0,0.0,0.0,0.474040632054176,0.6848607084331274,0.0,0.05953203526170282,0
1.0,0.0,0.0,0.7110609480812641,0.8865498550359259,0.0,0.09662576327876685,0
1.0,1.0,0.0,0.38374717832957106,0.25627127190218074,0.0,0.015712553569072387,0
1.0,1.0,0.0,0.4537246049661399,0.3192991302155552,0.0,0.028220722145058292,0
0.0,0.0,0.125,0.13205417607223474,0.6722551367704526,0.0,0.1527664244005612,1
1.0,1.0,0.0,0.43679458239277646,0.6848607084331274,0.0,0.029473237129564348,0
0.0,0.0,0.125,0.9164785553047403,0.30669355855288033,0.3333333333333333,0.29580589980036276,0
1.0,1.0,0.0,0.6738148984198645,0.29408798689020543,0.0,0.015216388212891242,0
1.0,1.0,0.0,0.6952595936794582,0.20584898525148115,0.0,0.016908073949327893,0
0.0,1.0,0.0,0.23250564334085777,0.25627127190218074,0.0,0.015126992566498259,0
0.0,1.0,0.0,0.10496613995485327,0.25627127190218074,0.0,0.014891206669461744,0
0.0,1.0,0.0,0.19187358916478553,0.45796041850497915,0.0,0.018713553707264782,0
0.0,0.0,0.0,0.24717832957110608,0.19324341358880626,0.0,0.16883675574220638,1
1.0,0.0,0.125,0.8002257336343115,0.21845455691415605,0.0,0.2125586439344078,0
0.0,0.5,0.0,0.901805869074492,0.40753813185427956,0.3333333333333333,0.050748620223090936,1
1.0,0.0,0.0,0.44130925507900676,0.45796041850497915,0.0,0.051822148727810165,1
1.0,1.0,0.0,0.48306997742663654,0.3445102735409051,0.0,0.04396587194327397,0
1.0,1.0,0.0,0.4142212189616252,0.3192991302155552,0.0,0.11027245763075773,1
1.0,1.0,0.0,0.41196388261851014,0.35711584520358,0.0,0.015126992566498259,1
1.0,1.0,0.0,0.5259593679458239,0.8235219967225513,0.0,0.015712553569072387,0
1.0,0.0,0.0,0.5237020316027088,0.44535484684230425,0.0,0.05130978285055781,1
0.0,0.0,0.125,0.9446952595936794,0.6722551367704526,0.0,0.11594107850967697,1
1.0,1.0,0.0,0.7483069977426636,0.29408798689020543,0.0,0.014630827210317117,0
1.0,0.0,0.0,0.8148984198645598,0.5840161351317282,0.0,0.06640417918791278,0
0.0,0.5,0.0,0.8510158013544017,0.42014370351695446,0.0,0.020494635090094415,1
1.0,1.0,0.0,0.6839729119638825,0.36972141686625487,0.0,0.04713766070721715,0
0.0,0.5,0.125,0.9819413092550789,0.44535484684230425,0.0,0.050748620223090936,1
1.0,1.0,0.0,0.7618510158013544,0.39493256019160466,0.0,0.015411575213749286,0
0.0,0.0,0.0,0.0891647855530474,0.36972141686625487,0.0,0.18249984580226933,1
1.0,1.0,0.0,0.528216704288939,0.26887684356485564,0.0,0.015411575213749286,0
1.0,1.0,0.0,0.7471783295711061,0.43274927517962936,0.0,0.014102260811993537,0
0.0,0.0,0.0,0.9424379232505643,0.5461994201437035,0.16666666666666666,0.11316786160148591,1
1.0,1.0,0.0,0.4153498871331828,0.21845455691415605,0.0,0.014110458666029575,0
1.0,1.0,0.0,0.5158013544018059,0.5020799193243414,0.0,0.015126992566498259,0
0.0,0.5,0.0,0.1986455981941309,0.6218328501197529,0.0,0.020494635090094415,1
1.0,0.0,0.0,0.5530474040632054,0.609227278457078,0.0,0.4328841690069588,0
1.0,1.0,0.0,0.5417607223476297,0.483171561830329,0.0,0.015468569817999833,0
1.0,0.5,0.25,0.7223476297968396,0.28148241522753054,0.16666666666666666,0.022446505098674838,0
0.0,0.5,0.125,0.24492099322799096,0.01676541031135762,0.16666666666666666,0.050748620223090936,1
1.0,1.0,0.0,0.6568848758465011,0.20584898525148115,0.0,0.014110458666029575,0
1.0,1.0,0.125,0.5744920993227991,0.20584898525148115,0.16666666666666666,0.014110458666029575,0
0.0,1.0,0.0,0.8758465011286681,0.29408798689020543,0.3333333333333333,0.04364049521284362,1
0.0,1.0,0.0,0.22347629796839727,0.36972141686625487,0.0,0.016908073949327893,0
0.0,0.5,0.0,0.14785553047404063,0.07979326862473214,0.3333333333333333,0.05123658772523604,1
1.0,0.0,0.0,0.014672686230248306,0.5588049918063784,0.0,0.051822148727810165,0
0.0,0.0,0.0,0.10158013544018057,0.36972141686625487,0.0,0.20772776566317125,1
1.0,1.0,0.0,0.7404063205417607,0.8613387117105761,0.0,0.028302115124416098,0
0.0,0.0,0.0,0.15801354401805867,0.26887684356485564,0.3333333333333333,0.09661756542473082,1
0.0,0.0,0.0,0.15688487584650113,0.44535484684230425,0.3333333333333333,0.13858277060920987,1
0.0,1.0,0.5,0.17381489841986456,0.10500441195008194,0.3333333333333333,0.06104473451835265,0
0.0,1.0,0.5,0.25395033860045146,0.13021555527543174,0.3333333333333333,0.06104473451835265,0
1.0,0.5,0.125,0.3792325056433408,0.39493256019160466,0.0,0.050748620223090936,1
1.0,0.0,0.125,0.8047404063205417,0.6218328501197529,0.0,0.20772776566317125,0
1.0,0.0,0.0,0.31264108352144465,0.7983108533972015,0.0,0.050748620223090936,0
0.0,0.5,0.125,0.8837471783295711,0.23106012857683098,0.0,0.050748620223090936,1
1.0,0.5,0.0,0.5857787810383747,0.3319047018782302,0.0,0.02705779799394608,1
1.0,1.0,0.125,0.42550790067720085,0.40753813185427956,0.16666666666666666,0.04006213192611313,0
1.0,0.5,0.125,0.04401805869074492,0.09239884028740704,0.16666666666666666,0.07173122281533045,1
1.0,0.0,0.0,0.5474040632054176,0.20584898525148115,0.3333333333333333,0.21642978772242535,1
1.0,0.5,0.0,0.6907449209932279,0.3319047018782302,0.0,0.050748620223090936,0
1.0,1.0,0.0,0.7900677200902934,0.25627127190218074,0.0,0.015281580671177828,0
1.0,1.0,0.0,0.4130925507900677,0.26887684356485564,0.0,0.014102260811993537,1
0.0,1.0,0.0,0.2641083521444695,0.26887684356485564,0.0,0.015175789316712771,1
1.0,0.0,0.0,0.4514672686230248,0.7730997100718517,0.0,0.051822148727810165,0
0.0,0.0,0.125,0.013544018058690745,0.5966217067944031,0.0,0.07729405233978466,1
1.0,0.0,0.0,0.7979683972911963,0.5588049918063784,0.0,0.4440992237022602,0
0.0,0.0,0.125,0.891647855530474,0.483171561830329,0.16666666666666666,0.1554664461834305,1
0.0,1.0,0.125,0.9097065462753949,0.44535484684230425,0.0,0.033962538149299316,1
1.0,1.0,0.0,0.783295711060948,0.36972141686625487,0.0,0.015126992566498259,0
1.0,1.0,0.0,0.4954853273137697,0.4957771334930039,0.0,0.015411575213749286,0
1.0,0.5,0.0,0.7302483069977426,0.3445102735409051,0.0,0.026350245115835676,0
1.0,1.0,0.0,0.5665914221218961,0.4957771334930039,0.0,0.015712553569072387,0
0.0,1.0,0.0,0.06207674943566591,0.7730997100718517,0.0,0.015712553569072387,0
1.0,1.0,0.25,0.29232505643340856,0.29408798689020543,0.0,0.04713766070721715,0
1.0,1.0,0.0,0.4988713318284424,0.23106012857683098,0.0,0.015411575213749286,0
0.0,1.0,0.0,0.9469525959367945,0.35711584520358,0.6666666666666666,0.04113566043083236,0
1.0,1.0,0.0,0.7708803611738149,0.3445102735409051,0.0,0.014110458666029575,0
1.0,1.0,0.0,0.33408577878103835,0.39493256019160466,0.0,0.015330377421392339,1
1.0,0.5,0.0,0.44469525959367945,0.7730997100718517,0.0,0.020494635090094415,1
0.0,0.0,0.25,0.8860045146726861,0.6596495651077776,0.0,0.10048070654571319,1
1.0,0.0,0.0,0.564334085778781,0.44535484684230425,0.0,0.051504969851415845,1
0.0,1.0,0.0,0.23589164785553046,0.26887684356485564,0.0,0.015126992566498259,1
1.0,1.0,0.0,0.291196388261851,0.19324341358880626,0.0,0.015712553569072387,0
1.0,1.0,0.0,0.4492099322799097,0.23106012857683098,0.0,0.028302115124416098,0
0.0,0.5,0.0,0.1455981941309255,0.42014370351695446,0.0,0.025374310111545468,1
0.0,0.0,0.125,0.9853273137697516,0.483171561830329,0.0,0.1091095334796455,1
0.0,1.0,0.125,0.9345372460496614,0.21845455691415605,0.0,0.028220722145058292,0
1.0,1.0,0.0,0.39051918735891644,0.39493256019160466,0.0,0.015468569817999833,1
0.0,0.5,0.125,0.1805869074492099,0.30669355855288033,0.16666666666666666,0.05855610025741262,1
0.0,0.0,0.125,0.9266365688487583,0.483171561830329,0.16666666666666666,0.21642978772242535,1
1.0,0.5,0.0,0.8318284424379232,0.6722551367704526,0.0,0.050748620223090936,0
1.0,0.0,0.0,0.5632054176072234,0.44535484684230425,0.0,0.07831878409428937,0
1.0,1.0,0.0,0.7934537246049661,0.19324341358880626,0.0,0.017005667449756914,0
0.0,0.0,0.0,0.2505643340857788,0.21845455691415605,0.3333333333333333,0.1554664461834305,1
1.0,0.5,0.0,0.5519187358916479,0.5840161351317282,0.0,0.02927805012870631,0
1.0,0.0,0.125,0.6444695259593679,0.747888566746502,0.16666666666666666,0.15458810467956932,1
1.0,1.0,0.0,0.391647855530474,0.26887684356485564,0.0,0.015712553569072387,0
1.0,1.0,0.0,0.5756207674943566,0.26887684356485564,0.0,0.015712553569072387,0
1.0,1.0,0.0,0.6388261851015801,0.43274927517962936,0.0,0.013907073811135496,0
0.0,0.0,0.125,0.974040632054176,0.6470439934451027,0.0,0.1527664244005612,1
1.0,1.0,0.0,0.8329571106094807,0.5840161351317282,0.0,0.014151057562208049,0
0.0,1.0,0.0,0.2313769751693002,0.4957771334930039,0.3333333333333333,0.015126992566498259,0
1.0,0.5,0.125,0.5598194130925508,0.45796041850497915,0.0,0.050748620223090936,0
1.0,1.0,0.125,0.5293453724604966,0.44535484684230425,0.16666666666666666,0.04713766070721715,0
0.0,0.5,0.0,0.1783295711060948,0.38232698852892977,0.0,0.06441171028315387,1
1.0,1.0,0.0,0.2934537246049661,0.609227278457078,0.0,0.0,0
1.0,1.0,0.0,0.4627539503386004,0.21845455691415605,0.0,0.014102260811993537,0
1.0,0.0,0.125,0.9988713318284423,0.609227278457078,0.0,0.11111839809247648,1
0.0,0.5,0.25,0.9604966139954852,0.29408798689020543,0.16666666666666666,0.05270049023167135,1
1.0,1.0,0.0,0.6963882618510158,0.5209882768183537,0.0,0.015411575213749286,0
1.0,0.0,0.0,0.34537246049661396,0.45796041850497915,0.0,0.08275928836380983,0
1.0,1.0,0.0,0.409706546275395,0.5461994201437035,0.0,0.015712553569072387,0
1.0,0.0,0.0,0.47291196388261847,0.43274927517962936,0.0,0.051822148727810165,1
1.0,1.0,0.125,0.3747178329571106,0.44535484684230425,0.0,0.030351578633425542,0
1.0,1.0,0.0,0.6478555304740405,0.36972141686625487,0.0,0.015411575213749286,0
1.0,0.0,0.0,0.7347629796839729,0.3319047018782302,0.0,0.05953203526170282,1
0.0,0.5,0.125,0.9334085778781037,0.26887684356485564,0.3333333333333333,0.08115719346076702,1
0.0,0.0,0.0,0.13318284424379231,0.4957771334930039,0.0,0.2995388511917728,1
0.0,1.0,0.125,0.8713318284424378,0.483171561830329,0.8333333333333333,0.06104473451835265,0
1.0,1.0,0.0,0.5699774266365688,0.25627127190218074,0.0,0.013760683560491965,0
0.0,1.0,0.125,0.21331828442437922,0.21845455691415605,0.0,0.030253985132996517,1
1.0,1.0,0.0,0.5620767494356659,0.26887684356485564,0.0,0.015126992566498259,0
1.0,1.0,0.0,0.8126410835214446,0.43274927517962936,0.0,0.015712553569072387,0
0.0,0.5,0.125,0.06997742663656885,0.29408798689020543,0.3333333333333333,0.12687155055772734,1
1.0,1.0,0.125,0.4074492099322799,0.42014370351695446,0.16666666666666666,0.028106928123558056,0
0.0,1.0,0.125,0.9830699774266365,0.3192991302155552,0.0,0.031425107138144774,0
0.0,0.5,0.25,0.22686230248306996,0.04197655363670742,0.16666666666666666,0.07612293033463641,1
1.0,0.5,0.0,0.6060948081264108,0.3192991302155552,0.0,0.020494635090094415,0
1.0,1.0,0.125,0.30699774266365687,0.3319047018782302,0.0,0.028212719478023115,0
1.0,0.0,0.125,0.3860045146726862,0.5209882768183537,0.0,0.10257896680493714,1
1.0,1.0,0.125,0.7381489841986455,0.24366570023950587,0.16666666666666666,0.030725752114070404,1
1.0,1.0,0.0,0.47968397291196385,0.25627127190218074,0.0,0.015330377421392339,0
1.0,1.0,0.0,0.36343115124153497,0.25627127190218074,0.0,0.031425107138144774,0
1.0,0.0,0.0,0.4345372460496614,0.7604941384091768,0.0,0.06308600017332605,0
1.0,0.5,0.0,0.992099322799097,0.7100718517584772,0.0,0.024105594605968193,0
0.0,0.0,0.0,0.15237020316027086,0.25627127190218074,0.0,0.15216446768991498,1
1.0,1.0,0.0,0.45485327313769747,0.3192991302155552,0.0,0.015411575213749286,0
1.0,1.0,0.0,0.6817155756207675,0.21845455691415605,0.0,0.015094396337354966,0
1.0,0.0,0.0,0.29571106094808125,1.0,0.0,0.05855610025741262,1
1.0,1.0,0.0,0.5406320541760722,0.6344384217824278,0.0,0.013768881414528002,0
1.0,0.0,0.0,0.010158013544018058,0.39493256019160466,0.0,0.05953203526170282,1
1.0,0.0,0.0,0.8284424379232505,0.36972141686625487,0.0,0.0,0
0.0,1.0,0.375,0.20316027088036115,0.10500441195008194,0.3333333333333333,0.05445717323939373,0
0.0,0.5,0.0,0.2347629796839729,0.3445102735409051,0.0,0.025374310111545468,1
1.0,1.0,0.0,0.3081264108352144,0.39493256019160466,0.0,0.015468569817999833,0
1.0,0.5,0.125,0.4751693002257336,0.38232698852892977,0.16666666666666666,0.05123658772523604,0
0.0,1.0,0.0,0.9367945823927765,0.5083827051556787,0.8333333333333333,0.07746484096553544,0
1.0,1.0,0.125,0.6918735891647855,0.45796041850497915,0.0,0.031425107138144774,0
1.0,1.0,0.0,0.46839729119638823,0.24366570023950587,0.0,0.015330377421392339,0
0.0,0.0,0.0,0.2686230248306998,0.29408798689020543,0.0,0.13526459159462315,1
0.0,1.0,0.375,0.21670428893905191,0.01676541031135762,0.3333333333333333,0.05445717323939373,0
1.0,1.0,0.0,0.3532731376975169,0.39493256019160466,0.0,0.11027245763075773,1
0.0,1.0,0.25,0.14672686230248305,0.0010084457330139917,0.16666666666666666,0.03758969818624431,1
1.0,0.0,0.125,0.4875846501128668,0.5966217067944031,0.0,0.1497654242623688,1
1.0,1.0,0.0,0.6218961625282167,0.23106012857683098,0.0,0.015411575213749286,0
1.0,0.0,0.0,0.002257336343115124,0.6974662800958024,0.0,0.06929138530460494,1
1.0,1.0,0.0,0.38487584650112866,0.25627127190218074,0.0,0.014736618564782174,0
0.0,1.0,0.0,0.07674943566591422,0.28148241522753054,0.0,0.014736618564782174,1
1.0,1.0,0.0,0.6523702031602708,0.28148241522753054,0.0,0.015411575213749286,0
0.0,0.5,0.0,0.1399548532731377,0.21845455691415605,0.16666666666666666,0.044893010197349675,1
1.0,1.0,0.0,0.5440180586907448,0.25627127190218074,0.0,0.01646070534336126,0
0.0,1.0,0.0,0.15575620767494355,0.19324341358880626,0.0,0.015281580671177828,1
0.0,1.0,0.0,0.15462753950338598,0.21845455691415605,0.0,0.013175122557917838,0
1.0,0.5,0.25,0.6162528216704288,0.29408798689020543,0.0,0.1434624456306609,0
1.0,1.0,0.0,0.2855530474040632,0.3319047018782302,0.0,0.015411575213749286,0
0.0,1.0,0.125,0.9255079006772008,0.39493256019160466,0.16666666666666666,0.030253985132996517,0
1.0,0.5,0.0,0.44356659142212185,0.28148241522753054,0.0,0.025374310111545468,0
1.0,0.0,0.0,0.31602708803611734,0.7226774234211522,0.3333333333333333,0.22109807522194713,0
1.0,0.0,0.25,0.009029345372460496,0.6218328501197529,0.0,0.2608674266467732,1
1.0,1.0,0.0,0.6546275395033859,0.4957771334930039,0.0,0.014102260811993537,0
1.0,0.0,0.0,0.3826185101580135,0.5840161351317282,0.0,0.04994347384455151,0
1.0,1.0,0.0,0.6873589164785553,0.44535484684230425,0.0,0.014630827210317117,0
1.0,1.0,0.125,0.3893905191873589,0.24366570023950587,0.0,0.015468569817999833,1
1.0,0.5,0.25,0.6185101580135439,0.39493256019160466,0.0,0.1434624456306609,0
1.0,0.5,0.0,0.7133182844243792,0.30669355855288033,0.0,0.025374310111545468,0
1.0,1.0,0.0,0.5981941309255079,0.609227278457078,0.0,0.015175789316712771,0
1.0,1.0,0.0,0.5090293453724605,0.5335938484810286,0.0,0.015712553569072387,0
0.0,0.0,0.125,0.8905191873589164,0.5966217067944031,0.0,0.10149724044618187,1
0.0,0.5,0.125,0.9706546275395033,0.4957771334930039,0.16666666666666666,0.07612293033463641,1
1.0,0.0,0.125,0.7866817155756207,0.38232698852892977,0.0,0.10149724044618187,0
1.0,0.5,0.0,0.4841986455981941,0.8739442833732509,0.0,0.020494635090094415,0
1.0,0.5,0.0,0.35214446952595935,0.38232698852892977,0.0,0.025374310111545468,1
1.0,0.5,0.0,0.39841986455981937,0.23106012857683098,0.0,0.0,0
1.0,1.0,0.0,0.4571106094808126,0.21845455691415605,0.0,0.015175789316712771,0
1.0,1.0,0.0,0.42889390519187354,0.3003907727215429,0.0,0.015712553569072387,0
0.0,1.0,0.0,0.08690744920993228,0.21845455691415605,0.0,0.019209719063445922,1
0.0,1.0,0.125,0.9006772009029345,0.5335938484810286,1.0,0.09154270340242172,0
1.0,0.0,0.0,0.7765237020316026,0.44535484684230425,0.16666666666666666,1.0,1
0.0,1.0,0.0,0.18848758465011284,0.3445102735409051,0.0,0.01588334219482317,0
1.0,0.0,0.0,0.4604966139954853,0.3319047018782302,0.0,0.1497654242623688,1
1.0,1.0,0.0,0.7855530474040632,0.24366570023950587,0.0,0.01800600082915438,0
1.0,1.0,0.625,0.3419864559819413,0.16803227026345646,0.3333333333333333,0.09154270340242172,0
1.0,0.5,0.125,0.7844243792325056,0.747888566746502,0.16666666666666666,0.07612293033463641,0
1.0,0.5,0.125,0.5778781038374717,0.30669355855288033,0.3333333333333333,0.08115719346076702,0
1.0,1.0,0.5,0.5067720090293454,0.16803227026345646,0.16666666666666666,0.07746484096553544,0
1.0,1.0,0.0,0.3329571106094808,0.23106012857683098,0.0,0.019852079483269742,0
1.0,1.0,0.0,0.3713318284424379,0.21845455691415605,0.0,0.015216388212891242,0
0.0,0.0,0.0,0.14898419864559817,0.18063784192613136,0.16666666666666666,0.41250332793836464,1
1.0,0.0,0.125,0.2787810383747178,0.38232698852892977,0.0,0.11125659048908397,1
0.0,1.0,0.0,0.2076749435665914,0.04197655363670742,0.16666666666666666,0.026187654344120927,1
1.0,1.0,0.0,0.2968397291196388,0.45796041850497915,0.0,0.11027245763075773,1
1.0,1.0,0.0,0.5959367945823927,0.30669355855288033,0.0,0.014102260811993537,0
1.0,0.0,0.0,0.001128668171557562,0.747888566746502,0.0,0.051822148727810165,0
1.0,0.5,0.0,0.34875846501128666,0.6470439934451027,0.0,0.026350245115835676,0
1.0,1.0,0.0,0.520316027088036,0.5461994201437035,0.0,0.015712553569072387,0
0.0,1.0,0.0,0.18623024830699772,0.23106012857683098,0.0,0.015094396337354966,1
1.0,0.0,0.125,0.5485327313769751,0.609227278457078,0.16666666666666666,0.21642978772242535,0
1.0,1.0,0.0,0.27426636568848756,0.5209882768183537,0.0,0.014931805565640218,0
0.0,0.0,0.125,0.9300225733634311,0.21845455691415605,0.0,0.4440992237022602,1
1.0,0.0,0.0,0.7584650112866816,0.43274927517962936,0.0,0.05130978285055781,1
0.0,1.0,0.0,0.2516930022573363,0.21845455691415605,0.16666666666666666,0.028212719478023115,0
1.0,1.0,0.0,0.6320541760722347,0.30669355855288033,0.0,0.015110792045427042,0
1.0,1.0,0.125,0.47629796839729116,0.3192991302155552,0.0,0.015330377421392339,0
1.0,0.5,0.0,0.48645598194130923,0.483171561830329,0.0,0.050748620223090936,0
0.0,0.5,0.0,0.8961625282167042,0.5588049918063784,0.0,0.026350245115835676,1
1.0,0.0,0.0,0.38148984198645597,0.5209882768183537,0.0,0.05130978285055781,1
0.0,0.0,0.0,0.06772009029345372,0.26887684356485564,0.0,0.29580589980036276,1
1.0,1.0,0.125,0.03724604966139954,0.04197655363670742,0.16666666666666666,0.029757819776815374,1
0.0,0.0,0.0,0.2674943566591422,0.29408798689020543,0.0,0.09662576327876685,1
1.0,0.0,0.0,0.4898419864559819,0.5083827051556787,0.0,0.051822148727810165,0
1.0,0.0,0.125,0.3927765237020316,0.5966217067944031,0.0,0.10149724044618187,1
1.0,1.0,0.0,0.3205417607223476,0.35711584520358,0.0,0.018510168852370702,0
1.0,0.5,0.0,0.7426636568848758,0.6470439934451027,0.0,0.025374310111545468,0
1.0,1.0,0.0,0.6975169300225733,0.23106012857683098,0.0,0.014931805565640218,0
0.0,0.0,0.0,0.10948081264108352,0.4705659901676541,0.0,0.4440992237022602,1
0.0,0.5,0.0,0.1218961625282167,0.3319047018782302,0.0,0.020494635090094415,1
1.0,1.0,0.0,0.6252821670428893,0.40753813185427956,0.0,0.015175789316712771,0
0.0,0.5,0.0,0.09255079006772009,0.06718769696205723,0.16666666666666666,0.06441171028315387,1
1.0,1.0,0.125,0.7686230248306997,0.20584898525148115,0.0,0.013768881414528002,0
1.0,0.5,0.0,0.8273137697516929,0.42014370351695446,0.0,0.025374310111545468,0
1.0,0.5,0.0,0.48532731376975163,0.6218328501197529,0.0,0.025374310111545468,0
1.0,0.0,0.125,0.6704288939051918,0.3319047018782302,0.0,0.10364429745562033,1
1.0,1.0,0.0,0.6241534988713318,0.24366570023950587,0.0,0.016908073949327893,0
0.0,0.5,0.375,0.9525959367945823,0.36972141686625487,0.0,0.04098927018018883,1
0.0,1.0,0.0,0.21557562076749434,0.3445102735409051,0.0,0.015102594191391004,1
1.0,0.5,0.125,0.6015801354401805,0.30669355855288033,0.0,0.050748620223090936,0
0.0,1.0,0.125,0.2460496613995485,0.30669355855288033,0.0,0.015468569817999833,0
0.0,0.0,0.0,0.12641083521444693,0.35711584520358,0.0,0.41250332793836464,1
1.0,1.0,0.0,0.49097065462753947,0.13021555527543174,0.0,0.036670757786204655,0
1.0,0.5,0.0,0.7313769751693001,0.5083827051556787,0.0,0.0,0
1.0,0.5,0.0,0.8340857787810383,0.28148241522753054,0.0,0.025374310111545468,0
1.0,0.5,0.0,0.6557562076749435,0.28148241522753054,0.0,0.025374310111545468,0
1.0,1.0,0.0,0.6173814898419864,0.3508130593722425,0.0,0.031425107138144774,0
0.0,1.0,0.125,0.8848758465011286,0.5966217067944031,0.5,0.06709553154495196,0
1.0,0.0,0.0,0.4593679458239277,0.43274927517962936,0.0,1.0,1
1.0,1.0,0.0,0.5869074492099322,0.24366570023950587,0.0,0.015411575213749286,0
1.0,1.0,0.0,0.6512415349887133,0.39493256019160466,0.0,0.015411575213749286,0
1.0,0.0,0.0,0.8069977426636569,0.5588049918063784,0.0,0.05855610025741262,1
1.0,0.0,0.125,0.7923250564334086,0.44535484684230425,0.0,0.15390495017656614,0
0.0,0.0,0.25,0.2584650112866817,0.25627127190218074,0.3333333333333333,0.5121218935012878,1
1.0,1.0,0.125,0.6591422121896162,0.29408798689020543,0.0,0.031425107138144774,0
1.0,1.0,0.0,0.5835214446952596,0.38232698852892977,0.0,0.015468569817999833,1
1.0,0.0,0.125,0.0,0.8739442833732509,0.16666666666666666,0.13858277060920987,0
1.0,1.0,0.125,0.737020316027088,0.19324341358880626,0.16666666666666666,0.03952536767375352,0
0.0,0.5,0.0,0.08352144469525959,0.36972141686625487,0.0,0.025374310111545468,1
1.0,0.0,0.125,0.3600451467268623,0.23106012857683098,0.0,0.10364429745562033,0
1.0,1.0,0.0,0.6455981941309255,0.38232698852892977,0.0,0.015126992566498259,0
0.0,0.5,0.125,0.17945823927765236,0.04197655363670742,0.16666666666666666,0.044893010197349675,1
1.0,1.0,0.0,0.0474040632054176,0.06718769696205723,0.16666666666666666,0.024349578357040744,1
1.0,1.0,0.0,0.5451467268623025,0.40753813185427956,0.0,0.018542765081513996,0
1.0,1.0,0.0,0.6027088036117381,0.28148241522753054,0.0,0.015411575213749286,0
0.0,0.5,0.125,0.9571106094808126,0.5966217067944031,0.3333333333333333,0.12687155055772734,1
1.0,0.5,0.125,0.05530474040632054,0.0,0.16666666666666666,0.028302115124416098,1
1.0,1.0,0.0,0.31941309255079003,0.3445102735409051,0.0,0.015216388212891242,0
1.0,0.5,0.0,0.6941309255079006,0.21845455691415605,0.0,0.022446505098674838,0
1.0,1.0,0.0,0.7810383747178329,0.42014370351695446,0.0,0.015712553569072387,0
0.0,0.0,0.0,0.9999999999999999,0.40753813185427956,0.0,0.16883675574220638,1
1.0,1.0,0.0,0.556433408577878,0.28148241522753054,0.0,0.028302115124416098,0
1.0,1.0,0.0,0.49774266365688485,0.5083827051556787,0.0,0.013907073811135496,0
1.0,1.0,0.0,0.46162528216704285,0.24366570023950587,0.0,0.014110458666029575,1
0.0,0.0,0.125,0.9864559819413091,0.44535484684230425,0.3333333333333333,0.23422440102965048,1
1.0,1.0,0.0,0.4661399548532731,0.19324341358880626,0.0,0.015175789316712771,0
0.0,0.0,0.125,0.9288939051918735,0.6344384217824278,0.0,0.15216446768991498,1
1.0,0.0,0.0,0.006772009029345372,0.5714105634690533,0.0,0.07729405233978466,0
0.0,1.0,0.0,0.237020316027088,0.3760242026975923,0.0,0.015126992566498259,0
1.0,1.0,0.125,0.35891647855530473,0.3445102735409051,0.0,0.04713766070721715,0
1.0,1.0,0.0,0.35778781038374713,0.39493256019160466,0.0,0.016322512946753766,0
1.0,1.0,0.0,0.7155756207674943,0.29408798689020543,0.0,0.018542765081513996,0
1.0,1.0,0.0,0.6636568848758464,0.5966217067944031,0.0,0.015330377421392339,0
0.0,0.5,0.0,0.8634311512415349,0.7100718517584772,0.0,0.020494635090094415,0
1.0,1.0,0.0,0.36681715575620766,0.35711584520358,0.0,0.014102260811993537,0
0.0,0.5,0.125,0.8893905191873589,0.6722551367704526,0.5,0.044893010197349675,1
1.0,1.0,0.0,0.6862302483069976,0.21845455691415605,0.0,0.015126992566498259,0
1.0,1.0,0.0,0.7358916478555304,0.24366570023950587,0.0,0.015126992566498259,0
0.0,1.0,0.0,0.2652370203160271,0.05458212529938233,0.0,0.024349578357040744,1
1.0,1.0,0.0,0.7776523702031602,0.26887684356485564,0.0,0.015102594191391004,0
0.0,0.0,0.0,0.8871331828442437,0.5335938484810286,0.16666666666666666,0.41250332793836464,1
0.0,1.0,0.0,0.09932279909706546,0.15542669860078154,0.0,0.014110458666029575,1
0.0,0.0,0.125,0.86568848758465,0.20584898525148115,0.0,0.11125659048908397,1
1.0,0.0,0.0,0.6501128668171557,0.35711584520358,0.0,0.05855610025741262,0
1.0,1.0,0.125,0.30248306997742663,0.43274927517962936,0.3333333333333333,0.04577135170121086,0
1.0,1.0,0.0,0.8137697516930021,0.30669355855288033,0.0,0.013760683560491965,0
1.0,1.0,0.0,0.27088036117381487,0.30669355855288033,0.0,0.014151057562208049,0
0.0,1.0,0.0,0.0857787810383747,0.21845455691415605,0.0,0.014630827210317117,1
1.0,1.0,0.5,0.0327313769751693,0.09239884028740704,0.16666666666666666,0.05684821399990475,0
1.0,1.0,0.125,0.021444695259593676,0.004159838648682718,0.3333333333333333,0.04015972542654215,1
1.0,0.0,0.0,0.32505643340857787,0.5714105634690533,0.0,0.15458810467956932,0
1.0,1.0,0.0,0.3036117381489842,0.24366570023950587,0.0,0.015126992566498259,0
1.0,0.5,0.0,0.2900677200902934,0.19324341358880626,0.0,0.050748620223090936,0
0.0,1.0,1.0,0.25620767494356655,0.25627127190218074,0.3333333333333333,0.13575255909676825,0
1.0,0.0,0.0,0.8239277652370203,0.5335938484810286,0.0,0.05991421140938287,0
1.0,1.0,0.0,0.729119638826185,0.30669355855288033,0.0,0.015411575213749286,0
1.0,0.5,0.0,0.7268623024830699,0.483171561830329,0.0,0.025374310111545468,0
0.0,0.0,0.0,0.00564334085778781,0.609227278457078,0.0,0.050610427826483444,1
0.0,1.0,0.0,0.9435665914221218,0.38232698852892977,0.0,0.016948672845506364,1
1.0,1.0,0.0,0.8487584650112866,0.36972141686625487,0.0,0.014110458666029575,0
0.0,1.0,0.125,0.9232505643340857,0.36972141686625487,0.16666666666666666,0.04713766070721715,0
1.0,0.5,0.0,0.6343115124153499,0.42014370351695446,0.0,0.025374310111545468,0
0.0,0.5,0.125,0.9108352144469525,0.38232698852892977,0.16666666666666666,0.05123658772523604,1
